{
  "LP": 2.0,
  "LR_f": 0.1,
  "LR_o": 0.001,
  "N_lg_poly": 5,
  "N_ro_val": 6,
  "activation": 1,
  "atomic_weight": 28.0855,
  "bop_param": [
    12.1692,
    6.17263,
    3.11471,
    0.755675,
    0.404939,
    0.036124,
    0.650018,
    0.57289
  ],
  "cnst_final_bias": true,
  "constrain_WB": 0.0,
  "cutoff_dist": 4.5,
  "cutoff_range": 1.0,
  "dataset_path": "train.dat",
  "datasets": [
    "training_set",
    "validation_set",
    "test_set",
    "no_dft_set"
  ],
  "default_weight1": 1.0,
  "default_weight2": 0.0,
  "dump_poscars": false,
  "exclude_from_test": [
    "DC",
    "BSN",
    "ROSE",
    "ISOLATED",
    "Wurt",
    "AMORP",
    "LIQ",
    "DIM"
  ],
  "final_bias": 0.0,
  "fix_rand_seed": false,
  "fraction_train": 0.8,
  "ibaseline": false,
  "input_file": "input.json",
  "lambda_E1": 1.0,
  "lambda_L1": 0.0,
  "lambda_Lp": 1e-06,
  "lambda_dU": 1.0,
  "lbfgs_max_iter": 20,
  "lsp_center": [
    0.0,
    0.0,
    0.0,
    0.0,
    0.0,
    0.0,
    0.0,
    0.0,
    0.0,
    0.0,
    0.0,
    0.0,
    0.0,
    0.0,
    0.0,
    0.0,
    0.0,
    0.0,
    0.0,
    0.0,
    0.0,
    0.0,
    0.0,
    0.0,
    0.0,
    0.0,
    0.0,
    0.0,
    0.0,
    0.0
  ],
  "lsp_lg_poly": [
    0,
    1,
    2,
    3,
    4
  ],
  "lsp_ro_val": [
    2.0,
    2.5,
    3.0,
    3.5,
    4.0,
    4.5
  ],
  "lsp_shift": 0.0,
  "lsp_sigma": 1.0,
  "lsp_type": 5,
  "lsp_width": [
    1.0364867103954607,
    1.0474184568315352,
    1.079916868545914,
    0.9873022614924485,
    0.6006801370800057,
    0.15642513541773895,
    0.27751454611854653,
    0.2782396206309662,
    0.1502721135386268,
    0.045708027977265975,
    0.012022742544746941,
    0.0020699175848932195,
    0.12092247712870907,
    0.1030353672734048,
    0.057380975887117935,
    0.032539922042337355,
    0.011886232626154443,
    0.002154273349730202,
    0.48770276803186496,
    0.4089625987974869,
    0.20034452106940426,
    0.07501303124621223,
    0.02364806437980325,
    0.0039948999571381896,
    0.30698879631716897,
    0.23284718967017626,
    0.1454106907530406,
    0.08085889385305067,
    0.03393865830174888,
    0.006440035952371337
  ],
  "max_iter": 100000,
  "max_rand_wb": 0.25,
  "mid_ramp": 50,
  "mod_weight1": 1.0,
  "mod_weight2": 0.0,
  "n_rand_GIDS": 0,
  "nn": null,
  "nn_layers": [
    30,
    16,
    16,
    1
  ],
  "normalize_by_ro": true,
  "normalize_inputs": true,
  "num_fit_param": 785,
  "num_species": 1,
  "output_file_prefix": "PF",
  "pot_file": "NN0.dat",
  "pot_type": "NN",
  "pyfit_version": 1.0,
  "ramp_LR": true,
  "randomize_nn": true,
  "re_randomize": true,
  "rmse_dU": 0.0,
  "rmse_stop": 0.0,
  "rmse_tol": 1e-05,
  "run_path": "/home/james/HOME/SRC/PY-FIT/PYFIT-FF/examples/MNN/",
  "save_every1": 100,
  "save_every2": 100,
  "species": "Si",
  "src_path": "/home/james/HOME/SRC/PY-FIT/PYFIT-FF/src",
  "start_time": "2020-08-06-H23-M33-S02",
  "test_set_gids": [
    "GRP-Si6_2-HEXAMER-OCTAHEDRON-UNPERTURBED+ISO",
    "GRP-SILICENE-BUCKLED-BILAYER-AA^p-UNPERTURBED+ISO",
    "GRP-Si3_3-TRIMER-EQ-LAT-UNPERTURBED+ISO",
    "GRP-SC-C-UNPERTURBED+ISO",
    "GRP-BCC-P-UNPERTURBED+ISO"
  ],
  "test_set_tags": [
    "GRP-Si6_2-HEXAMER-OCTAHEDRON-UNPERTURBED+ISO",
    "GRP-SILICENE-BUCKLED-BILAYER-AA^p-UNPERTURBED+ISO",
    "GRP-Si3_3-TRIMER-EQ-LAT-UNPERTURBED+ISO",
    "GRP-SC-C-UNPERTURBED+ISO",
    "GRP-BCC-P-UNPERTURBED+ISO"
  ],
  "train_RMSE": true,
  "train_edges": true,
  "u_shift": 0.795023,
  "use_cuda": false,
  "weight_selector": [
    "DC",
    "AIMD",
    "Wurt"
  ],
  "write_lsp": false
}